{
    "available_space": true,
    "id": "h",
    "size_max": 28.662242889404297,
    "size_mean": 9.73006625885659,
    "size_min": 2.2625303268432617,
    "total_size": 457.31311416625977
}