{
    "available_space": true,
    "size_max": 28.662242889404297,
    "size_mean": 9.506678687201607,
    "size_min": 2.2625303268432617,
    "total_size": 342.2404327392578,
    "video_list": {
        "HADA - CARLOS ANN Y BUNBURY --RocB77H3HlE.mp4": {
            "size": 15.709919929504395
        },
        "HERE COMES THE KRAKEN - Into The Slaughter Basement (OFFICIAL VIDEO)-d6HnvHGOgwc.mp4": {
            "size": 28.662242889404297
        },
        "HNOS VEGA - EL BASURERO-B2RzbUbw-ZQ.mp4": {
            "size": 8.774958610534668
        },
        "HNOS VEGA - GUERRA DE AMOR-UwEWU-uWokQ.mp4": {
            "size": 7.191122055053711
        },
        "HOMBRES G - Voy A Pasarmelo Bien (Video clip)-AZkpKxMPFO0.mp4": {
            "size": 19.894695281982422
        },
        "Halo-f2vZJiBFAcQ.mp4": {
            "size": 4.555192947387695
        },
        "Happy Death Men-jnNZPt499KI.mp4": {
            "size": 6.762666702270508
        },
        "Haragia-jvyK6A3W2l4.mp4": {
            "size": 5.734783172607422
        },
        "Hard To Be-the Vaughan Brothers-mYLGcymAXN4.mp4": {
            "size": 7.764577865600586
        },
        "Haruomi Hosono - Sports Men-Cqdv032mFbg.mp4": {
            "size": 5.38071346282959
        },
        "Hazlo Tu Mismx - Los gritos de mi pueblo (Full album) 2016-XotOdqPcZlY.mp4": {
            "size": 22.5843505859375
        },
        "Here Comes The Kraken - Don`t Fail Me Darko - Official Music Video-Mxi6tSCYygc.mp4": {
            "size": 18.18604850769043
        },
        "Here Comes The Kraken - Knights From Southside-YdbXrp2kZGg.mp4": {
            "size": 6.776454925537109
        },
        "Here Comes The Kraken- From the Deepest Darkness-ow0-U4rnlOc.mp4": {
            "size": 8.124565124511719
        },
        "Here Comes The Kraken- Miss Starving Skeleton-nx1jdhSAKHM.mp4": {
            "size": 5.133633613586426
        },
        "Here Comes the Kraken - I Should Have Asked Where the Remote Control Was Before I Killed You-2T_xp82vW6U.mp4": {
            "size": 9.351703643798828
        },
        "Hermanos Mart\u00ednez Gil -  Chacha Linda  -  (letra y acordes)-utqVjs9wB34.mp4": {
            "size": 5.506957054138184
        },
        "Hermanos Vega A Mi Madre-ea1NtlHM93o.mp4": {
            "size": 4.1812543869018555
        },
        "Hermanos Vega Bule De Agua Fresca-mJbcbVbQ6l8.mp4": {
            "size": 6.104979515075684
        },
        "Hermanos Vega Tino Nevares-mGnfGvBcA1k.mp4": {
            "size": 5.093764305114746
        },
        "Hermanos Vega el mecatito-ejYC9ymzKIA.mp4": {
            "size": 6.422296524047852
        },
        "Higher Hell-CMh55H3K8fY.mp4": {
            "size": 9.15719985961914
        },
        "Himno de la Alegr\u00eda - M\u00edguel R\u00edos - con letra-8fFZaWMHaqw.mp4": {
            "size": 20.23219871520996
        },
        "Hnos. Vega La Casita-0mXIHygYAT0.mp4": {
            "size": 8.547163009643555
        },
        "Hola Como Estas - Los Hermanos Vega-qKLp_13BLgM.mp4": {
            "size": 7.2809038162231445
        },
        "Homenaje A La Cabra-hyFD_2VG3m0.mp4": {
            "size": 4.113563537597656
        },
        "Homenaje a Carlos y Jose-Los Invasores de Nuevo Leon-XqGKJw64o3k.mp4": {
            "size": 5.284832954406738
        },
        "Horror Hotel-REYXN8sLNKA.mp4": {
            "size": 2.2625303268432617
        },
        "House of The Rising Sun - The Doors-CJ1oZVGmTr0.mp4": {
            "size": 8.062661170959473
        },
        "How Long You Wanna Live, Anyway - Stray Cats-_6eNsbzcTuo.mp4": {
            "size": 6.902919769287109
        },
        "Howlin' Wolf - Howlin' For My Darling-BpfcPAUXWGc.mp4": {
            "size": 3.850649833679199
        },
        "Huapango de Cadetes - El Tocayito-mVBZTOC2d1A.mp4": {
            "size": 6.870914459228516
        },
        "Hugh Laurie - Swanee River (From Let Them Talk  - Special Edition)-x-qv87vXQzo.mp4": {
            "size": 9.623830795288086
        },
        "Hurricane Amore-UhytGQUOUf4.mp4": {
            "size": 9.013312339782715
        },
        "Hymn For Carl-YmEXXvjroqs.mp4": {
            "size": 6.473162651062012
        },
        "H\u00e9roes del Silencio - La herida-eeJ9ZaFiBrw.mp4": {
            "size": 26.66770839691162
        }
    }
}